Species_Code,Common_Name,Scientific_Name,Date,Bird_Count,lat,lng,subId,Notable_Normal,Year,Month,Day,Family_Name,Notable
limpki,Limpkin,Aramus guarauna,2021-07-31 20:19,1.0,27.0835658,-82.11170959999998,S92578720,1,2021,7,31,Aramidae,No
limpki,Limpkin,Aramus guarauna,2021-07-31 19:54,1.0,27.8033571,-81.1988139,S92583633,1,2021,7,31,Aramidae,No
limpki,Limpkin,Aramus guarauna,2021-07-31 19:35,4.0,28.37152,-81.55076600000001,S92576788,1,2021,7,31,Aramidae,No
limpki,Limpkin,Aramus guarauna,2021-07-31 19:33,1.0,27.825660499999998,-81.21821170000001,S92583985,1,2021,7,31,Aramidae,No
limpki,Limpkin,Aramus guarauna,2021-07-31 19:00,2.0,28.6398772,-81.3094394,S92581282,1,2021,7,31,Aramidae,No
limpki,Limpkin,Aramus guarauna,2021-07-31 17:21,1.0,28.532692800000003,-81.3707113,S92585434,1,2021,7,31,Aramidae,No
limpki,Limpkin,Aramus guarauna,2021-07-31 16:49,1.0,27.115523600000003,-80.2788916,S92582701,1,2021,7,31,Aramidae,No
limpki,Limpkin,Aramus guarauna,2021-07-31 15:22,1.0,28.702816100000003,-81.2854654,S92564415,1,2021,7,31,Aramidae,No
limpki,Limpkin,Aramus guarauna,2021-07-31 15:00,1.0,27.2841779,-82.4645682,S92578651,1,2021,7,31,Aramidae,No
limpki,Limpkin,Aramus guarauna,2021-07-31 14:40,5.0,26.498644199999998,-80.2246141,S92564502,1,2021,7,31,Aramidae,No
limpki,Limpkin,Aramus guarauna,2021-07-31 14:09,1.0,26.2169038,-81.8174797,S92580160,1,2021,7,31,Aramidae,No
limpki,Limpkin,Aramus guarauna,2021-07-31 11:27,1.0,29.6704686,-81.49946369999999,S92558609,1,2021,7,31,Aramidae,No
limpki,Limpkin,Aramus guarauna,2021-07-31 11:09,1.0,28.0922,-82.7067,S92558187,1,2021,7,31,Aramidae,No
limpki,Limpkin,Aramus guarauna,2021-07-31 11:08,1.0,27.419384499999996,-82.55439399999999,S92548983,1,2021,7,31,Aramidae,No
limpki,Limpkin,Aramus guarauna,2021-07-31 10:48,6.0,27.9426789,-81.20503659999999,S92554307,1,2021,7,31,Aramidae,No
limpki,Limpkin,Aramus guarauna,2021-07-31 10:29,1.0,27.8398,-82.6705,S92549532,1,2021,7,31,Aramidae,No
limpki,Limpkin,Aramus guarauna,2021-07-31 09:50,3.0,27.3948028,-82.4302429,S92559106,1,2021,7,31,Aramidae,No
limpki,Limpkin,Aramus guarauna,2021-07-31 09:37,1.0,27.2567365,-82.493248,S92544292,1,2021,7,31,Aramidae,No
limpki,Limpkin,Aramus guarauna,2021-07-31 09:33,1.0,28.5836,-81.3586,S92551194,1,2021,7,31,Aramidae,No
limpki,Limpkin,Aramus guarauna,2021-07-31 09:31,2.0,26.486158399999997,-80.1607561,S92552971,1,2021,7,31,Aramidae,No
limpki,Limpkin,Aramus guarauna,2021-07-31 09:28,1.0,28.0725,-82.3754,S92556559,1,2021,7,31,Aramidae,No
limpki,Limpkin,Aramus guarauna,2021-07-31 09:15,1.0,27.385084000000003,-81.002682,S92542975,1,2021,7,31,Aramidae,No
limpki,Limpkin,Aramus guarauna,2021-07-31 09:01,4.0,29.6151026,-82.3254061,S92549027,1,2021,7,31,Aramidae,No
limpki,Limpkin,Aramus guarauna,2021-07-31 08:27,2.0,28.704017200000003,-81.6730338,S92557610,1,2021,7,31,Aramidae,No
limpki,Limpkin,Aramus guarauna,2021-07-31 08:27,1.0,26.5052081,-80.1399958,S92543862,1,2021,7,31,Aramidae,No
limpki,Limpkin,Aramus guarauna,2021-07-31 08:26,1.0,26.294125,-81.48604870000001,S92540306,1,2021,7,31,Aramidae,No
limpki,Limpkin,Aramus guarauna,2021-07-31 07:55,4.0,28.8032791,-82.0169592,S92542528,1,2021,7,31,Aramidae,No
limpki,Limpkin,Aramus guarauna,2021-07-31 07:53,1.0,27.788137300000002,-82.6414776,S92543652,1,2021,7,31,Aramidae,No
limpki,Limpkin,Aramus guarauna,2021-07-31 07:50,4.0,25.776121,-80.2030056,S92561394,1,2021,7,31,Aramidae,No
limpki,Limpkin,Aramus guarauna,2021-07-31 07:37,1.0,27.6871553,-80.3977385,S92540098,1,2021,7,31,Aramidae,No
limpki,Limpkin,Aramus guarauna,2021-07-31 07:35,4.0,28.0620436,-81.88385009999999,S92551256,1,2021,7,31,Aramidae,No
limpki,Limpkin,Aramus guarauna,2021-07-31 07:25,6.0,26.9880989,-81.0793407,S92582116,1,2021,7,31,Aramidae,No
limpki,Limpkin,Aramus guarauna,2021-07-31 07:09,4.0,26.6496729,-81.68693359999999,S92539009,1,2021,7,31,Aramidae,No
limpki,Limpkin,Aramus guarauna,2021-07-31 06:58,1.0,29.5587838,-82.3245401,S92558512,1,2021,7,31,Aramidae,No
limpki,Limpkin,Aramus guarauna,2021-07-31 06:48,1.0,27.954033000000003,-81.7189479,S92539097,1,2021,7,31,Aramidae,No
limpki,Limpkin,Aramus guarauna,2021-07-31 06:46,4.0,29.686897,-81.4758325,S92544535,1,2021,7,31,Aramidae,No
limpki,Limpkin,Aramus guarauna,2021-07-31 06:39,1.0,28.6893446,-81.59953270000001,S92558021,1,2021,7,31,Aramidae,No
limpki,Limpkin,Aramus guarauna,2021-07-31 06:34,5.0,26.969169800000003,-81.11840649999999,S92582120,1,2021,7,31,Aramidae,No
limpki,Limpkin,Aramus guarauna,2021-07-31 06:19,7.0,26.729055,-80.86582750000001,S92578763,1,2021,7,31,Aramidae,No
limpki,Limpkin,Aramus guarauna,2021-07-31 06:03,2.0,28.733504999999997,-81.7406674,S92558755,1,2021,7,31,Aramidae,No
limpki,Limpkin,Aramus guarauna,2021-07-30 19:59,1.0,28.5201151,-81.2311285,S92525538,1,2021,7,30,Aramidae,No
limpki,Limpkin,Aramus guarauna,2021-07-30 17:25,2.0,27.2405033,-82.31481670000001,S92531338,1,2021,7,30,Aramidae,No
limpki,Limpkin,Aramus guarauna,2021-07-30 15:55,3.0,26.8267833,-81.04758829999999,S92524968,1,2021,7,30,Aramidae,No
limpki,Limpkin,Aramus guarauna,2021-07-30 15:14,1.0,26.0697361,-80.2770996,S92516252,1,2021,7,30,Aramidae,No
limpki,Limpkin,Aramus guarauna,2021-07-30 14:02,1.0,26.409046999999997,-80.16798399999999,S92511324,1,2021,7,30,Aramidae,No
limpki,Limpkin,Aramus guarauna,2021-07-30 12:05,1.0,27.593048200000002,-80.3967858,S92509587,1,2021,7,30,Aramidae,No
limpki,Limpkin,Aramus guarauna,2021-07-30 11:18,1.0,28.577200599999998,-81.5865755,S92544638,1,2021,7,30,Aramidae,No
limpki,Limpkin,Aramus guarauna,2021-07-30 10:20,1.0,26.0553344,-80.26134640000001,S92501624,1,2021,7,30,Aramidae,No
limpki,Limpkin,Aramus guarauna,2021-07-30 10:13,1.0,28.575326300000004,-80.99668259999999,S92503276,1,2021,7,30,Aramidae,No
limpki,Limpkin,Aramus guarauna,2021-07-30 09:33,1.0,28.669047600000003,-81.56128000000001,S92529258,1,2021,7,30,Aramidae,No
limpki,Limpkin,Aramus guarauna,2021-07-30 08:38,1.0,26.071302300000003,-81.67703859999999,S92502491,1,2021,7,30,Aramidae,No
limpki,Limpkin,Aramus guarauna,2021-07-30 08:27,1.0,27.249277000000003,-80.371925,S92540708,1,2021,7,30,Aramidae,No
limpki,Limpkin,Aramus guarauna,2021-07-30 07:57,2.0,28.059177299999998,-82.34360490000002,S92498715,1,2021,7,30,Aramidae,No
limpki,Limpkin,Aramus guarauna,2021-07-30 07:56,1.0,26.928268,-81.2550082,S92499782,1,2021,7,30,Aramidae,No
limpki,Limpkin,Aramus guarauna,2021-07-30 07:50,5.0,28.09435,-82.709682,S92504027,1,2021,7,30,Aramidae,No
limpki,Limpkin,Aramus guarauna,2021-07-30 07:22,2.0,27.3253186,-82.4336821,S92514071,1,2021,7,30,Aramidae,No
limpki,Limpkin,Aramus guarauna,2021-07-30 07:00,8.0,27.608256,-81.2639125,S92514645,1,2021,7,30,Aramidae,No
limpki,Limpkin,Aramus guarauna,2021-07-30 06:58,2.0,27.6087151,-81.19079920000001,S92574776,1,2021,7,30,Aramidae,No
limpki,Limpkin,Aramus guarauna,2021-07-30 06:53,1.0,26.294,-81.486,S92496598,1,2021,7,30,Aramidae,No
limpki,Limpkin,Aramus guarauna,2021-07-30 06:27,1.0,27.172589000000002,-80.396088,S92492727,1,2021,7,30,Aramidae,No
limpki,Limpkin,Aramus guarauna,2021-07-30 06:25,2.0,27.9123525,-81.1302567,S92500177,1,2021,7,30,Aramidae,No
limpki,Limpkin,Aramus guarauna,2021-07-29 20:45,1.0,27.3452256,-82.46520720000001,S92577599,1,2021,7,29,Aramidae,No
limpki,Limpkin,Aramus guarauna,2021-07-29 19:55,1.0,26.2949452,-81.4159482,S92482225,1,2021,7,29,Aramidae,No
limpki,Limpkin,Aramus guarauna,2021-07-29 19:04,5.0,26.7813214,-81.7547172,S92482330,1,2021,7,29,Aramidae,No
limpki,Limpkin,Aramus guarauna,2021-07-29 18:52,3.0,29.881803,-95.185903,S92485022,1,2021,7,29,Aramidae,No
limpki,Limpkin,Aramus guarauna,2021-07-29 16:15,1.0,28.844565600000003,-81.9554168,S92475923,1,2021,7,29,Aramidae,No
limpki,Limpkin,Aramus guarauna,2021-07-29 15:45,1.0,27.876358399999997,-82.8090332,S92482616,1,2021,7,29,Aramidae,No
limpki,Limpkin,Aramus guarauna,2021-07-29 14:19,1.0,26.684909,-80.39089,S92518904,1,2021,7,29,Aramidae,No
limpki,Limpkin,Aramus guarauna,2021-07-29 13:30,1.0,26.492813899999998,-80.21688940000001,S92476134,1,2021,7,29,Aramidae,No
limpki,Limpkin,Aramus guarauna,2021-07-29 10:29,3.0,28.803863899999996,-81.87737779999999,S92462695,1,2021,7,29,Aramidae,No
limpki,Limpkin,Aramus guarauna,2021-07-29 09:48,1.0,27.608460600000004,-80.47727309999999,S92459855,1,2021,7,29,Aramidae,No
limpki,Limpkin,Aramus guarauna,2021-07-29 09:33,1.0,27.234490700000002,-82.3113895,S92466936,1,2021,7,29,Aramidae,No
limpki,Limpkin,Aramus guarauna,2021-07-29 08:40,1.0,26.726145000000002,-81.652422,S92501137,1,2021,7,29,Aramidae,No
limpki,Limpkin,Aramus guarauna,2021-07-29 08:09,2.0,26.2768695,-80.214057,S92455504,1,2021,7,29,Aramidae,No
limpki,Limpkin,Aramus guarauna,2021-07-29 08:00,5.0,29.070806,-81.413014,S92484149,1,2021,7,29,Aramidae,No
limpki,Limpkin,Aramus guarauna,2021-07-29 07:31,2.0,28.060513,-82.03058840000001,S92455179,1,2021,7,29,Aramidae,No
limpki,Limpkin,Aramus guarauna,2021-07-29 07:24,1.0,27.031513699999998,-81.066569,S92582158,1,2021,7,29,Aramidae,No
limpki,Limpkin,Aramus guarauna,2021-07-29 07:22,1.0,28.040016100000003,-82.6979113,S92453095,1,2021,7,29,Aramidae,No
limpki,Limpkin,Aramus guarauna,2021-07-29 07:16,3.0,26.314016600000002,-81.6349089,S92457300,1,2021,7,29,Aramidae,No
limpki,Limpkin,Aramus guarauna,2021-07-29 06:35,1.0,28.042420299999996,-81.2065585,S92456739,1,2021,7,29,Aramidae,No
limpki,Limpkin,Aramus guarauna,2021-07-28 20:30,2.0,27.04598,-82.39989,S92441463,1,2021,7,28,Aramidae,No
limpki,Limpkin,Aramus guarauna,2021-07-28 19:41,1.0,27.70151,-82.359709,S92441017,1,2021,7,28,Aramidae,No
limpki,Limpkin,Aramus guarauna,2021-07-28 18:13,4.0,27.910936100000004,-81.1496745,S92437749,1,2021,7,28,Aramidae,No
limpki,Limpkin,Aramus guarauna,2021-07-28 17:30,10.0,26.6012,-80.0828,S92475789,1,2021,7,28,Aramidae,No
limpki,Limpkin,Aramus guarauna,2021-07-28 17:13,1.0,28.094794,-82.706551,S92434910,1,2021,7,28,Aramidae,No
limpki,Limpkin,Aramus guarauna,2021-07-28 16:49,1.0,26.6997339,-80.23361329999999,S92431985,1,2021,7,28,Aramidae,No
limpki,Limpkin,Aramus guarauna,2021-07-28 16:41,1.0,28.3713614,-81.5490365,S92443446,1,2021,7,28,Aramidae,No
limpki,Limpkin,Aramus guarauna,2021-07-28 14:44,1.0,28.796178,-81.736195,S92426935,1,2021,7,28,Aramidae,No
limpki,Limpkin,Aramus guarauna,2021-07-28 10:04,1.0,26.571620899999996,-81.8258929,S92419531,1,2021,7,28,Aramidae,No
limpki,Limpkin,Aramus guarauna,2021-07-28 09:24,1.0,27.908878700000002,-81.1642027,S92413827,1,2021,7,28,Aramidae,No
limpki,Limpkin,Aramus guarauna,2021-07-28 08:59,1.0,33.4808517,-84.30019859999999,S92413687,1,2021,7,28,Aramidae,No
limpki,Limpkin,Aramus guarauna,2021-07-28 08:55,1.0,27.6630729,-82.4998085,S92424432,1,2021,7,28,Aramidae,No
limpki,Limpkin,Aramus guarauna,2021-07-28 08:00,1.0,26.505246500000002,-80.1397812,S92559528,1,2021,7,28,Aramidae,No
limpki,Limpkin,Aramus guarauna,2021-07-28 07:00,2.0,26.8405153,-80.1664022,S92419530,1,2021,7,28,Aramidae,No
limpki,Limpkin,Aramus guarauna,2021-07-28 06:53,1.0,27.040271399999998,-81.6780495,S92435654,1,2021,7,28,Aramidae,No
limpki,Limpkin,Aramus guarauna,2021-07-27 20:04,3.0,28.044069,-81.9518495,S92397571,1,2021,7,27,Aramidae,No
limpki,Limpkin,Aramus guarauna,2021-07-27 19:47,1.0,28.290989,-81.397614,S92395581,1,2021,7,27,Aramidae,No
limpki,Limpkin,Aramus guarauna,2021-07-27 17:59,1.0,28.228577,-80.76046590000001,S92399506,1,2021,7,27,Aramidae,No
limpki,Limpkin,Aramus guarauna,2021-07-27 09:50,1.0,26.1156777,-80.23916240000001,S92383256,1,2021,7,27,Aramidae,No
limpki,Limpkin,Aramus guarauna,2021-07-27 09:45,3.0,30.39726,-90.42913,S92374486,1,2021,7,27,Aramidae,No
limpki,Limpkin,Aramus guarauna,2021-07-27 08:32,3.0,26.1469438,-80.62913420000001,S92368663,1,2021,7,27,Aramidae,No
limpki,Limpkin,Aramus guarauna,2021-07-27 08:30,1.0,28.097613,-81.73274520000001,S92398018,1,2021,7,27,Aramidae,No
limpki,Limpkin,Aramus guarauna,2021-07-27 08:24,1.0,27.724806899999997,-82.6501069,S92373877,1,2021,7,27,Aramidae,No
limpki,Limpkin,Aramus guarauna,2021-07-27 08:14,2.0,27.443315899999998,-81.28646850000001,S92372649,1,2021,7,27,Aramidae,No
limpki,Limpkin,Aramus guarauna,2021-07-27 07:29,3.0,27.272623,-80.427361,S92363873,1,2021,7,27,Aramidae,No
limpki,Limpkin,Aramus guarauna,2021-07-27 07:15,2.0,27.9808903,-82.69885740000001,S92367486,1,2021,7,27,Aramidae,No
limpki,Limpkin,Aramus guarauna,2021-07-26 15:59,4.0,27.9923609,-81.4062645,S92347380,1,2021,7,26,Aramidae,No
limpki,Limpkin,Aramus guarauna,2021-07-26 14:51,2.0,30.474417,-84.237235,S92337200,1,2021,7,26,Aramidae,No
limpki,Limpkin,Aramus guarauna,2021-07-26 14:07,1.0,27.573150599999998,-80.46875949999999,S92338076,1,2021,7,26,Aramidae,No
limpki,Limpkin,Aramus guarauna,2021-07-26 12:06,1.0,28.371344,-81.51448,S92330708,1,2021,7,26,Aramidae,No
limpki,Limpkin,Aramus guarauna,2021-07-26 10:32,1.0,28.225495399999996,-80.7144928,S92392388,1,2021,7,26,Aramidae,No
limpki,Limpkin,Aramus guarauna,2021-07-26 08:46,1.0,28.3179822,-81.5405166,S92323359,1,2021,7,26,Aramidae,No
limpki,Limpkin,Aramus guarauna,2021-07-26 08:45,1.0,28.376386800000002,-81.52295500000001,S92321065,1,2021,7,26,Aramidae,No
limpki,Limpkin,Aramus guarauna,2021-07-26 08:13,1.0,27.9093,-81.2689,S92323655,1,2021,7,26,Aramidae,No
limpki,Limpkin,Aramus guarauna,2021-07-26 08:01,1.0,26.375481,-81.60389599999999,S92327408,1,2021,7,26,Aramidae,No
limpki,Limpkin,Aramus guarauna,2021-07-26 07:01,1.0,28.1271627,-81.47075770000001,S92317427,1,2021,7,26,Aramidae,No
limpki,Limpkin,Aramus guarauna,2021-07-25 19:17,2.0,26.826533299999998,-81.0767608,S92304219,1,2021,7,25,Aramidae,No
limpki,Limpkin,Aramus guarauna,2021-07-25 18:34,1.0,26.449049100000003,-81.9471502,S92305701,1,2021,7,25,Aramidae,No
limpki,Limpkin,Aramus guarauna,2021-07-25 18:10,2.0,27.884882,-82.251458,S92299148,1,2021,7,25,Aramidae,No
limpki,Limpkin,Aramus guarauna,2021-07-25 15:39,1.0,27.3277717,-80.4516556,S92291945,1,2021,7,25,Aramidae,No
limpki,Limpkin,Aramus guarauna,2021-07-25 15:33,2.0,27.254406,-80.48105,S92299718,1,2021,7,25,Aramidae,No
limpki,Limpkin,Aramus guarauna,2021-07-25 14:21,4.0,29.1092685,-81.3752445,S92286979,1,2021,7,25,Aramidae,No
limpki,Limpkin,Aramus guarauna,2021-07-25 13:45,1.0,27.815778,-82.6926434,S92293882,1,2021,7,25,Aramidae,No
limpki,Limpkin,Aramus guarauna,2021-07-25 13:07,1.0,30.374022999999998,-81.7898762,S92284106,1,2021,7,25,Aramidae,No
limpki,Limpkin,Aramus guarauna,2021-07-25 11:20,1.0,28.699689000000003,-81.413802,S92275909,1,2021,7,25,Aramidae,No
limpki,Limpkin,Aramus guarauna,2021-07-25 10:38,2.0,28.1877141,-82.6102781,S92274390,1,2021,7,25,Aramidae,No
limpki,Limpkin,Aramus guarauna,2021-07-25 09:45,8.0,26.5019164,-81.1724854,S92455681,1,2021,7,25,Aramidae,No
limpki,Limpkin,Aramus guarauna,2021-07-25 08:10,1.0,26.375442,-81.60402059999998,S92275218,1,2021,7,25,Aramidae,No
limpki,Limpkin,Aramus guarauna,2021-07-25 08:06,1.0,26.631443,-80.23322940000001,S92267476,1,2021,7,25,Aramidae,No
limpki,Limpkin,Aramus guarauna,2021-07-25 07:54,1.0,26.3133434,-80.9832287,S92455675,1,2021,7,25,Aramidae,No
limpki,Limpkin,Aramus guarauna,2021-07-25 07:47,1.0,27.864422100000002,-82.2279855,S92309304,1,2021,7,25,Aramidae,No
limpki,Limpkin,Aramus guarauna,2021-07-25 07:44,2.0,28.04403,-81.2239629,S92368509,1,2021,7,25,Aramidae,No
limpki,Limpkin,Aramus guarauna,2021-07-25 07:40,2.0,25.7646485,-80.8198929,S92269534,1,2021,7,25,Aramidae,No
limpki,Limpkin,Aramus guarauna,2021-07-25 07:09,3.0,26.8178063,-80.11705479999999,S92266386,1,2021,7,25,Aramidae,No
limpki,Limpkin,Aramus guarauna,2021-07-25 07:06,1.0,26.064472600000002,-80.37835190000001,S92266741,1,2021,7,25,Aramidae,No
limpki,Limpkin,Aramus guarauna,2021-07-25 06:50,2.0,26.537474699999997,-81.85458179999999,S92265352,1,2021,7,25,Aramidae,No
limpki,Limpkin,Aramus guarauna,2021-07-25,1.0,27.453712899999996,-81.3137412,S92420818,1,2021,7,25,Aramidae,No
limpki,Limpkin,Aramus guarauna,2021-07-24 20:20,2.0,29.606645,-82.303383,S92251441,1,2021,7,24,Aramidae,No
limpki,Limpkin,Aramus guarauna,2021-07-24 18:28,2.0,27.885123999999998,-82.251976,S92246212,1,2021,7,24,Aramidae,No
limpki,Limpkin,Aramus guarauna,2021-07-24 18:05,1.0,28.669428200000002,-81.5832281,S92245344,1,2021,7,24,Aramidae,No
limpki,Limpkin,Aramus guarauna,2021-07-24 12:46,3.0,29.6068756,-82.3031116,S92230780,1,2021,7,24,Aramidae,No
limpki,Limpkin,Aramus guarauna,2021-07-24 12:32,1.0,29.965378899999997,-90.3415312,S92242504,1,2021,7,24,Aramidae,No
limpki,Limpkin,Aramus guarauna,2021-07-24 12:15,1.0,28.4103887,-81.57160879999999,S92239220,1,2021,7,24,Aramidae,No
limpki,Limpkin,Aramus guarauna,2021-07-24 11:39,1.0,27.4222797,-82.43606319999999,S92225839,1,2021,7,24,Aramidae,No
limpki,Limpkin,Aramus guarauna,2021-07-24 10:30,1.0,28.625749900000002,-81.32046820000001,S92226717,1,2021,7,24,Aramidae,No
limpki,Limpkin,Aramus guarauna,2021-07-24 10:21,1.0,27.9465497,-82.7934623,S92233252,1,2021,7,24,Aramidae,No
limpki,Limpkin,Aramus guarauna,2021-07-24 09:27,4.0,32.971269,-80.040436,S92224149,1,2021,7,24,Aramidae,No
limpki,Limpkin,Aramus guarauna,2021-07-24 09:00,3.0,27.823030300000003,-80.70786140000001,S92422903,1,2021,7,24,Aramidae,No
limpki,Limpkin,Aramus guarauna,2021-07-24 08:39,1.0,29.5491092,-82.292372,S92218204,1,2021,7,24,Aramidae,No
limpki,Limpkin,Aramus guarauna,2021-07-24 08:31,3.0,28.3593428,-81.5909958,S92248606,1,2021,7,24,Aramidae,No
limpki,Limpkin,Aramus guarauna,2021-07-24 08:17,1.0,26.6085272,-81.91796640000001,S92221088,1,2021,7,24,Aramidae,No
limpki,Limpkin,Aramus guarauna,2021-07-24 08:15,4.0,26.484543900000002,-80.6574823,S92233031,1,2021,7,24,Aramidae,No
limpki,Limpkin,Aramus guarauna,2021-07-24 07:50,1.0,26.884808399999997,-82.2877679,S92383340,1,2021,7,24,Aramidae,No
limpki,Limpkin,Aramus guarauna,2021-07-24 07:45,1.0,27.872086199999995,-82.6715183,S92260983,1,2021,7,24,Aramidae,No
limpki,Limpkin,Aramus guarauna,2021-07-24 07:30,3.0,27.7424626,-82.6626306,S92244471,1,2021,7,24,Aramidae,No
limpki,Limpkin,Aramus guarauna,2021-07-24 07:26,1.0,28.368821399999998,-81.5570068,S92216914,1,2021,7,24,Aramidae,No
limpki,Limpkin,Aramus guarauna,2021-07-24 07:26,1.0,26.1769932,-81.7844796,S92213398,1,2021,7,24,Aramidae,No
limpki,Limpkin,Aramus guarauna,2021-07-24 07:00,1.0,33.4841686,-84.2789641,S92385158,1,2021,7,24,Aramidae,No
limpki,Limpkin,Aramus guarauna,2021-07-24 07:00,1.0,28.691290000000002,-81.40348399999999,S92232115,1,2021,7,24,Aramidae,No
limpki,Limpkin,Aramus guarauna,2021-07-23 20:06,3.0,27.012577,-82.03625600000001,S92202072,1,2021,7,23,Aramidae,No
limpki,Limpkin,Aramus guarauna,2021-07-23 18:30,1.0,27.3444035,-82.4482457,S92236961,1,2021,7,23,Aramidae,No
limpki,Limpkin,Aramus guarauna,2021-07-23 15:32,1.0,27.245431,-82.306427,S92249283,1,2021,7,23,Aramidae,No
limpki,Limpkin,Aramus guarauna,2021-07-23 10:55,1.0,28.695783000000002,-81.411192,S92210393,1,2021,7,23,Aramidae,No
limpki,Limpkin,Aramus guarauna,2021-07-23 10:11,7.0,32.957262,-80.018992,S92174351,1,2021,7,23,Aramidae,No
limpki,Limpkin,Aramus guarauna,2021-07-23 09:59,1.0,26.294139899999998,-81.48595440000001,S92177524,1,2021,7,23,Aramidae,No
limpki,Limpkin,Aramus guarauna,2021-07-23 09:48,2.0,28.3994038,-80.8301926,S92174059,1,2021,7,23,Aramidae,No
limpki,Limpkin,Aramus guarauna,2021-07-23 09:30,1.0,27.913417,-82.77490350000001,S92208955,1,2021,7,23,Aramidae,No
limpki,Limpkin,Aramus guarauna,2021-07-23 09:29,1.0,28.229994899999998,-80.81105229999999,S92176883,1,2021,7,23,Aramidae,No
limpki,Limpkin,Aramus guarauna,2021-07-23 09:21,1.0,27.776199,-80.496848,S92171489,1,2021,7,23,Aramidae,No
limpki,Limpkin,Aramus guarauna,2021-07-23 08:55,3.0,27.8452331,-82.7763927,S92226601,1,2021,7,23,Aramidae,No
limpki,Limpkin,Aramus guarauna,2021-07-23 08:55,1.0,29.617994300000003,-82.25116729999999,S92171048,1,2021,7,23,Aramidae,No
limpki,Limpkin,Aramus guarauna,2021-07-23 08:46,2.0,28.3312609,-81.27785329999999,S92196474,1,2021,7,23,Aramidae,No
limpki,Limpkin,Aramus guarauna,2021-07-23 08:15,2.0,27.883224900000002,-82.8083432,S92196559,1,2021,7,23,Aramidae,No
limpki,Limpkin,Aramus guarauna,2021-07-23 07:51,2.0,27.91258,-82.774232,S92173041,1,2021,7,23,Aramidae,No
limpki,Limpkin,Aramus guarauna,2021-07-23 07:32,1.0,28.6511002,-82.2767521,S92172706,1,2021,7,23,Aramidae,No
limpki,Limpkin,Aramus guarauna,2021-07-23 07:30,1.0,26.0758749,-81.71512840000001,S92189570,1,2021,7,23,Aramidae,No
limpki,Limpkin,Aramus guarauna,2021-07-23 07:11,1.0,28.1307501,-81.4790642,S92168672,1,2021,7,23,Aramidae,No
limpki,Limpkin,Aramus guarauna,2021-07-22 18:30,1.0,26.8165642,-80.0868773,S92424409,1,2021,7,22,Aramidae,No
limpki,Limpkin,Aramus guarauna,2021-07-22 14:55,1.0,27.301524,-82.254013,S92155944,1,2021,7,22,Aramidae,No
limpki,Limpkin,Aramus guarauna,2021-07-22 10:22,1.0,28.209889,-82.628026,S92129898,1,2021,7,22,Aramidae,No
limpki,Limpkin,Aramus guarauna,2021-07-22 10:00,2.0,26.6293528,-80.3059387,S92139145,1,2021,7,22,Aramidae,No
limpki,Limpkin,Aramus guarauna,2021-07-22 09:21,1.0,28.8451812,-81.9517422,S92128275,1,2021,7,22,Aramidae,No
limpki,Limpkin,Aramus guarauna,2021-07-22 08:15,2.0,28.1439001,-82.6609078,S92245495,1,2021,7,22,Aramidae,No
limpki,Limpkin,Aramus guarauna,2021-07-22 08:13,1.0,26.463077000000002,-81.67361899999999,S92169647,1,2021,7,22,Aramidae,No
limpki,Limpkin,Aramus guarauna,2021-07-22 08:12,1.0,28.2064531,-82.6127489,S92126028,1,2021,7,22,Aramidae,No
limpki,Limpkin,Aramus guarauna,2021-07-22 07:46,4.0,28.4270119,-81.434108,S92134922,1,2021,7,22,Aramidae,No
limpki,Limpkin,Aramus guarauna,2021-07-22 07:07,5.0,27.396644000000002,-81.107366,S92158282,1,2021,7,22,Aramidae,No
limpki,Limpkin,Aramus guarauna,2021-07-22 06:45,4.0,26.8582653,-81.9401121,S92134720,1,2021,7,22,Aramidae,No
limpki,Limpkin,Aramus guarauna,2021-07-22 06:30,2.0,26.295702600000002,-81.487646,S92126984,1,2021,7,22,Aramidae,No
limpki,Limpkin,Aramus guarauna,2021-07-21 19:42,1.0,28.3751271,-81.53339179999999,S92110013,1,2021,7,21,Aramidae,No
limpki,Limpkin,Aramus guarauna,2021-07-21 18:10,1.0,30.474568599999998,-84.25295859999999,S92106254,1,2021,7,21,Aramidae,No
limpki,Limpkin,Aramus guarauna,2021-07-21 17:44,4.0,27.872863,-81.0518074,S92105791,1,2021,7,21,Aramidae,No
limpki,Limpkin,Aramus guarauna,2021-07-21 17:00,4.0,32.971243,-80.040405,S92104461,1,2021,7,21,Aramidae,No
limpki,Limpkin,Aramus guarauna,2021-07-21 16:30,1.0,30.365941999999997,-84.3001404,S92101734,1,2021,7,21,Aramidae,No
limpki,Limpkin,Aramus guarauna,2021-07-21 15:52,1.0,28.5441162,-81.37315749999999,S92101715,1,2021,7,21,Aramidae,No
limpki,Limpkin,Aramus guarauna,2021-07-21 15:23,1.0,28.425853999999998,-81.43352800000001,S92100360,1,2021,7,21,Aramidae,No
limpki,Limpkin,Aramus guarauna,2021-07-21 15:18,1.0,28.983416,-81.230209,S92101175,1,2021,7,21,Aramidae,No
limpki,Limpkin,Aramus guarauna,2021-07-21 15:13,1.0,26.113198,-80.229238,S92098259,1,2021,7,21,Aramidae,No
limpki,Limpkin,Aramus guarauna,2021-07-21 13:00,1.0,27.942679,-81.205037,S92161795,1,2021,7,21,Aramidae,No
limpki,Limpkin,Aramus guarauna,2021-07-21 09:09,2.0,27.365057,-82.46155300000001,S92082137,1,2021,7,21,Aramidae,No
limpki,Limpkin,Aramus guarauna,2021-07-21 08:27,5.0,28.466521999999998,-81.5089202,S92097584,1,2021,7,21,Aramidae,No
limpki,Limpkin,Aramus guarauna,2021-07-21 08:17,1.0,26.120722,-80.245262,S92086657,1,2021,7,21,Aramidae,No
limpki,Limpkin,Aramus guarauna,2021-07-21 07:42,1.0,27.847105,-82.65338,S92093761,1,2021,7,21,Aramidae,No
limpki,Limpkin,Aramus guarauna,2021-07-21 07:20,1.0,28.3492355,-81.3576507,S92078664,1,2021,7,21,Aramidae,No
limpki,Limpkin,Aramus guarauna,2021-07-21 07:00,2.0,29.985055,-82.7624606,S92105069,1,2021,7,21,Aramidae,No
limpki,Limpkin,Aramus guarauna,2021-07-21 06:10,2.0,27.995917300000002,-81.8652327,S92078612,1,2021,7,21,Aramidae,No
limpki,Limpkin,Aramus guarauna,2021-07-20 20:07,1.0,26.0930267,-80.27106309999999,S92578602,1,2021,7,20,Aramidae,No
limpki,Limpkin,Aramus guarauna,2021-07-20 18:11,2.0,26.463085999999997,-81.673597,S92080764,1,2021,7,20,Aramidae,No
limpki,Limpkin,Aramus guarauna,2021-07-20 16:31,1.0,27.236187599999997,-80.51166590000001,S92061069,1,2021,7,20,Aramidae,No
limpki,Limpkin,Aramus guarauna,2021-07-20 15:38,8.0,28.902790000000003,-81.79876999999999,S92060139,1,2021,7,20,Aramidae,No
limpki,Limpkin,Aramus guarauna,2021-07-20 14:46,2.0,28.9027946,-81.8170195,S92053045,1,2021,7,20,Aramidae,No
limpki,Limpkin,Aramus guarauna,2021-07-20 12:05,2.0,28.2590675,-81.2834859,S92047064,1,2021,7,20,Aramidae,No
limpki,Limpkin,Aramus guarauna,2021-07-20 10:57,1.0,27.249218,-80.371866,S92071997,1,2021,7,20,Aramidae,No
limpki,Limpkin,Aramus guarauna,2021-07-20 10:37,1.0,28.2782779,-81.2518787,S92042282,1,2021,7,20,Aramidae,No
limpki,Limpkin,Aramus guarauna,2021-07-20 10:00,2.0,27.337430600000005,-82.51037149999999,S92047642,1,2021,7,20,Aramidae,No
limpki,Limpkin,Aramus guarauna,2021-07-20 06:35,1.0,28.773774,-81.373936,S92077481,1,2021,7,20,Aramidae,No
limpki,Limpkin,Aramus guarauna,2021-07-19 15:48,5.0,28.421976,-81.434975,S92008677,1,2021,7,19,Aramidae,No
limpki,Limpkin,Aramus guarauna,2021-07-19 15:09,2.0,27.992634000000002,-81.177188,S92008300,1,2021,7,19,Aramidae,No
limpki,Limpkin,Aramus guarauna,2021-07-19 13:10,1.0,45.163044799999994,-92.9616647,S92343421,1,2021,7,19,Aramidae,No
limpki,Limpkin,Aramus guarauna,2021-07-19 12:13,1.0,28.608469,-81.263903,S92019485,1,2021,7,19,Aramidae,No
limpki,Limpkin,Aramus guarauna,2021-07-19 07:35,1.0,27.613143400000002,-80.50523759999999,S92013528,1,2021,7,19,Aramidae,No
limpki,Limpkin,Aramus guarauna,2021-07-19 06:13,1.0,27.8326657,-81.14493370000001,S91991968,1,2021,7,19,Aramidae,No
limpki,Limpkin,Aramus guarauna,2021-07-18 18:51,1.0,28.911094300000002,-81.8013668,S91963743,1,2021,7,18,Aramidae,No
limpki,Limpkin,Aramus guarauna,2021-07-18 18:45,3.0,26.615541200000003,-80.08548259999999,S91962430,1,2021,7,18,Aramidae,No
limpki,Limpkin,Aramus guarauna,2021-07-18 15:56,1.0,27.177761100000005,-80.3189474,S91959134,1,2021,7,18,Aramidae,No
limpki,Limpkin,Aramus guarauna,2021-07-18 15:40,1.0,26.463124,-81.673524,S92099498,1,2021,7,18,Aramidae,No
limpki,Limpkin,Aramus guarauna,2021-07-18 12:42,1.0,27.309958299999998,-82.25935890000001,S91941787,1,2021,7,18,Aramidae,No
limpki,Limpkin,Aramus guarauna,2021-07-18 10:45,2.0,28.370784999999998,-81.2667918,S92257061,1,2021,7,18,Aramidae,No
limpki,Limpkin,Aramus guarauna,2021-07-18 10:05,2.0,30.474189000000003,-84.237998,S91931893,1,2021,7,18,Aramidae,No
limpki,Limpkin,Aramus guarauna,2021-07-18 08:21,3.0,27.2724923,-82.28027829999999,S91938505,1,2021,7,18,Aramidae,No
limpki,Limpkin,Aramus guarauna,2021-07-18 07:57,1.0,28.2521498,-81.38255600000001,S91924215,1,2021,7,18,Aramidae,No
limpki,Limpkin,Aramus guarauna,2021-07-18 07:30,1.0,27.6113527,-80.4397901,S91924683,1,2021,7,18,Aramidae,No
limpki,Limpkin,Aramus guarauna,2021-07-18 07:29,5.0,26.294745000000002,-81.48530600000001,S91923741,1,2021,7,18,Aramidae,No
limpki,Limpkin,Aramus guarauna,2021-07-18 07:19,3.0,28.832048999999998,-81.669791,S91922492,1,2021,7,18,Aramidae,No
limpki,Limpkin,Aramus guarauna,2021-07-18 07:13,2.0,28.6439145,-80.71659559999999,S91922416,1,2021,7,18,Aramidae,No
limpki,Limpkin,Aramus guarauna,2021-07-18 06:35,1.0,26.9057338,-81.99132759999999,S91977188,1,2021,7,18,Aramidae,No
limpki,Limpkin,Aramus guarauna,2021-07-17 19:38,1.0,26.845497499999997,-81.968076,S91906214,1,2021,7,17,Aramidae,No
limpki,Limpkin,Aramus guarauna,2021-07-17 18:50,1.0,28.921670000000002,-81.9648247,S91903968,1,2021,7,17,Aramidae,No
limpki,Limpkin,Aramus guarauna,2021-07-17 18:18,2.0,27.1213522,-82.2207355,S91903086,1,2021,7,17,Aramidae,No
limpki,Limpkin,Aramus guarauna,2021-07-17 17:45,2.0,26.176379999999998,-81.784482,S91900809,1,2021,7,17,Aramidae,No
limpki,Limpkin,Aramus guarauna,2021-07-17 16:19,1.0,27.584538399999996,-80.4668523,S91898316,1,2021,7,17,Aramidae,No
limpki,Limpkin,Aramus guarauna,2021-07-17 12:34,1.0,26.878637800000003,-80.11588979999999,S91885110,1,2021,7,17,Aramidae,No
limpki,Limpkin,Aramus guarauna,2021-07-17 11:21,1.0,27.930947999999997,-82.474313,S91879272,1,2021,7,17,Aramidae,No
limpki,Limpkin,Aramus guarauna,2021-07-17 10:13,1.0,27.338189,-82.454947,S91874660,1,2021,7,17,Aramidae,No
limpki,Limpkin,Aramus guarauna,2021-07-17 10:00,1.0,26.2367981,-81.7607689,S91889139,1,2021,7,17,Aramidae,No
limpki,Limpkin,Aramus guarauna,2021-07-17 08:36,1.0,26.463038,-81.673755,S91885919,1,2021,7,17,Aramidae,No
limpki,Limpkin,Aramus guarauna,2021-07-17 08:07,1.0,26.0637,-80.3664,S92147329,1,2021,7,17,Aramidae,No
limpki,Limpkin,Aramus guarauna,2021-07-17 08:00,1.0,29.873499699999996,-95.15703570000001,S91908689,1,2021,7,17,Aramidae,No
limpki,Limpkin,Aramus guarauna,2021-07-17 07:37,3.0,28.083897999999998,-82.32820600000001,S91867224,1,2021,7,17,Aramidae,No
limpki,Limpkin,Aramus guarauna,2021-07-17 07:10,2.0,28.538348100000004,-82.3242474,S91874306,1,2021,7,17,Aramidae,No
limpki,Limpkin,Aramus guarauna,2021-07-17 07:02,2.0,26.1736762,-80.8551157,S91914864,1,2021,7,17,Aramidae,No
limpki,Limpkin,Aramus guarauna,2021-07-17 06:37,1.0,26.117621,-81.689687,S91868905,1,2021,7,17,Aramidae,No
limpki,Limpkin,Aramus guarauna,2021-07-17 06:36,1.0,28.173927399999997,-82.480073,S91865540,1,2021,7,17,Aramidae,No
limpki,Limpkin,Aramus guarauna,2021-07-16 18:24,1.0,26.9198217,-82.052038,S91849237,1,2021,7,16,Aramidae,No
limpki,Limpkin,Aramus guarauna,2021-07-16 10:07,1.0,27.9767107,-82.72663359999999,S91828332,1,2021,7,16,Aramidae,No
limpki,Limpkin,Aramus guarauna,2021-07-16 08:59,3.0,26.463128,-81.673524,S91855068,1,2021,7,16,Aramidae,No
limpki,Limpkin,Aramus guarauna,2021-07-16 08:41,1.0,28.487599300000003,-81.3655282,S91823630,1,2021,7,16,Aramidae,No
limpki,Limpkin,Aramus guarauna,2021-07-16 08:02,1.0,28.236112,-80.68046600000001,S91828011,1,2021,7,16,Aramidae,No
limpki,Limpkin,Aramus guarauna,2021-07-16 07:22,1.0,27.173414899999997,-82.466383,S91825711,1,2021,7,16,Aramidae,No
limpki,Limpkin,Aramus guarauna,2021-07-15 17:48,1.0,26.463096000000004,-81.673801,S91823831,1,2021,7,15,Aramidae,No
limpki,Limpkin,Aramus guarauna,2021-07-15 16:44,1.0,28.4836344,-81.51042220000001,S91811613,1,2021,7,15,Aramidae,No
limpki,Limpkin,Aramus guarauna,2021-07-15 14:36,2.0,27.383933000000003,-81.110522,S91796484,1,2021,7,15,Aramidae,No
limpki,Limpkin,Aramus guarauna,2021-07-15 13:30,1.0,28.139172600000002,-81.3619781,S91806873,1,2021,7,15,Aramidae,No
limpki,Limpkin,Aramus guarauna,2021-07-15 12:05,1.0,30.403682399999997,-84.3079448,S91789273,1,2021,7,15,Aramidae,No
limpki,Limpkin,Aramus guarauna,2021-07-15 11:30,1.0,27.9312364,-81.15222929999999,S91818814,1,2021,7,15,Aramidae,No
limpki,Limpkin,Aramus guarauna,2021-07-15 10:17,2.0,27.8891565,-80.746336,S91810343,1,2021,7,15,Aramidae,No
limpki,Limpkin,Aramus guarauna,2021-07-15 09:35,3.0,27.845234100000003,-80.7252359,S91809208,1,2021,7,15,Aramidae,No
limpki,Limpkin,Aramus guarauna,2021-07-15 08:57,1.0,30.171138800000005,-82.61542800000001,S91780688,1,2021,7,15,Aramidae,No
limpki,Limpkin,Aramus guarauna,2021-07-15 08:20,2.0,26.4100675,-81.80857579999999,S91779391,1,2021,7,15,Aramidae,No
limpki,Limpkin,Aramus guarauna,2021-07-15 07:51,1.0,28.1311969,-82.7378654,S91790243,1,2021,7,15,Aramidae,No
limpki,Limpkin,Aramus guarauna,2021-07-15 07:48,1.0,27.776113,-80.49676099999999,S91784471,1,2021,7,15,Aramidae,No
limpki,Limpkin,Aramus guarauna,2021-07-15 06:30,1.0,28.3987522,-81.4429379,S91777210,1,2021,7,15,Aramidae,No
limpki,Limpkin,Aramus guarauna,2021-07-14 16:11,1.0,27.0362957,-80.1662385,S91803881,1,2021,7,14,Aramidae,No
limpki,Limpkin,Aramus guarauna,2021-07-14 14:17,1.0,27.843738000000002,-82.24079300000001,S91770282,1,2021,7,14,Aramidae,No
limpki,Limpkin,Aramus guarauna,2021-07-14 12:56,1.0,42.4577874,-88.18931579999999,S91751034,1,2021,7,14,Aramidae,No
limpki,Limpkin,Aramus guarauna,2021-07-14 11:43,1.0,29.212840000000003,-81.339528,S91991552,1,2021,7,14,Aramidae,No
limpki,Limpkin,Aramus guarauna,2021-07-14 11:17,1.0,42.4623,-88.1886,S91747042,1,2021,7,14,Aramidae,No
limpki,Limpkin,Aramus guarauna,2021-07-14 10:00,2.0,28.5432114,-80.860126,S91757617,1,2021,7,14,Aramidae,No
limpki,Limpkin,Aramus guarauna,2021-07-14 09:42,1.0,27.676505100000004,-80.3933345,S91738138,1,2021,7,14,Aramidae,No
limpki,Limpkin,Aramus guarauna,2021-07-14 09:32,1.0,27.969716,-81.18843199999999,S91760960,1,2021,7,14,Aramidae,No
limpki,Limpkin,Aramus guarauna,2021-07-14 09:30,1.0,27.32409,-82.434425,S92063521,1,2021,7,14,Aramidae,No
limpki,Limpkin,Aramus guarauna,2021-07-14 08:43,1.0,26.5271649,-81.8765643,S91738572,1,2021,7,14,Aramidae,No
limpki,Limpkin,Aramus guarauna,2021-07-14 08:30,1.0,27.6965345,-80.4365653,S91810881,1,2021,7,14,Aramidae,No
limpki,Limpkin,Aramus guarauna,2021-07-14 07:23,1.0,29.6364,-82.2382,S91732011,1,2021,7,14,Aramidae,No
limpki,Limpkin,Aramus guarauna,2021-07-14 06:40,2.0,29.715194,-81.500838,S91730358,1,2021,7,14,Aramidae,No
limpki,Limpkin,Aramus guarauna,2021-07-13 19:17,1.0,26.405685,-81.809989,S91731885,1,2021,7,13,Aramidae,No
limpki,Limpkin,Aramus guarauna,2021-07-13 16:57,1.0,28.1749093,-82.4546671,S91721559,1,2021,7,13,Aramidae,No
limpki,Limpkin,Aramus guarauna,2021-07-13 16:35,1.0,33.65301229999999,-79.0548277,S91710197,1,2021,7,13,Aramidae,No
limpki,Limpkin,Aramus guarauna,2021-07-13 14:47,1.0,28.9840034,-81.2301268,S91707679,1,2021,7,13,Aramidae,No
limpki,Limpkin,Aramus guarauna,2021-07-13 12:53,2.0,26.462903000000004,-81.673654,S91720048,1,2021,7,13,Aramidae,No
limpki,Limpkin,Aramus guarauna,2021-07-13 11:51,2.0,28.429689,-81.482864,S91700144,1,2021,7,13,Aramidae,No
limpki,Limpkin,Aramus guarauna,2021-07-13 10:52,1.0,28.244190000000003,-82.71921999999999,S91695403,1,2021,7,13,Aramidae,No
limpki,Limpkin,Aramus guarauna,2021-07-13 09:45,1.0,28.802957,-81.872026,S92019720,1,2021,7,13,Aramidae,No
limpki,Limpkin,Aramus guarauna,2021-07-13 09:15,1.0,42.4470887,-88.1812806,S91704934,1,2021,7,13,Aramidae,No
limpki,Limpkin,Aramus guarauna,2021-07-13 09:11,1.0,42.446527,-88.181893,S91696581,1,2021,7,13,Aramidae,No
limpki,Limpkin,Aramus guarauna,2021-07-13 08:27,2.0,27.98938,-81.178721,S91697770,1,2021,7,13,Aramidae,No
limpki,Limpkin,Aramus guarauna,2021-07-13 07:18,1.0,27.501686199999998,-82.48708959999999,S91689966,1,2021,7,13,Aramidae,No
limpki,Limpkin,Aramus guarauna,2021-07-13 06:54,1.0,28.942476,-81.34181720000001,S91709355,1,2021,7,13,Aramidae,No
limpki,Limpkin,Aramus guarauna,2021-07-13 06:34,1.0,26.666872700000003,-80.45746209999999,S91687126,1,2021,7,13,Aramidae,No
limpki,Limpkin,Aramus guarauna,2021-07-13 06:05,1.0,29.720413,-81.94462299999999,S91738137,1,2021,7,13,Aramidae,No
limpki,Limpkin,Aramus guarauna,2021-07-12 20:04,1.0,27.959566499999998,-82.7829212,S91674718,1,2021,7,12,Aramidae,No
limpki,Limpkin,Aramus guarauna,2021-07-12 19:40,3.0,26.098675,-80.270325,S91861396,1,2021,7,12,Aramidae,No
limpki,Limpkin,Aramus guarauna,2021-07-12 17:47,1.0,26.933394399999997,-80.17516359999999,S91758260,1,2021,7,12,Aramidae,No
limpki,Limpkin,Aramus guarauna,2021-07-12 15:22,1.0,26.462952,-81.67365699999999,S91673926,1,2021,7,12,Aramidae,No
limpki,Limpkin,Aramus guarauna,2021-07-12 15:12,1.0,42.4549749,-88.1733153,S91674736,1,2021,7,12,Aramidae,No
limpki,Limpkin,Aramus guarauna,2021-07-12 14:30,1.0,26.995414,-81.0675573,S91685999,1,2021,7,12,Aramidae,No
limpki,Limpkin,Aramus guarauna,2021-07-12 14:20,1.0,42.446501,-88.181813,S91664979,1,2021,7,12,Aramidae,No
limpki,Limpkin,Aramus guarauna,2021-07-12 09:09,6.0,32.957264,-80.018683,S91644674,1,2021,7,12,Aramidae,No
limpki,Limpkin,Aramus guarauna,2021-07-12 08:28,3.0,27.3049011,-80.8290339,S91644547,1,2021,7,12,Aramidae,No
limpki,Limpkin,Aramus guarauna,2021-07-12 07:56,1.0,28.349355900000003,-81.35647409999999,S91641638,1,2021,7,12,Aramidae,No
limpki,Limpkin,Aramus guarauna,2021-07-12 07:00,1.0,26.837550699999998,-80.14251709999999,S91643112,1,2021,7,12,Aramidae,No
limpki,Limpkin,Aramus guarauna,2021-07-12 06:47,1.0,26.573469,-81.84060799999999,S91642284,1,2021,7,12,Aramidae,No
limpki,Limpkin,Aramus guarauna,2021-07-11 17:46,3.0,28.737710399999997,-81.2400126,S91626954,1,2021,7,11,Aramidae,No
limpki,Limpkin,Aramus guarauna,2021-07-11 16:24,1.0,27.776132,-80.496778,S91616048,1,2021,7,11,Aramidae,No
limpki,Limpkin,Aramus guarauna,2021-07-11 13:31,1.0,42.4415744,-88.1619787,S91617534,1,2021,7,11,Aramidae,No
limpki,Limpkin,Aramus guarauna,2021-07-11 13:10,1.0,26.463057,-81.673804,S91628536,1,2021,7,11,Aramidae,No
limpki,Limpkin,Aramus guarauna,2021-07-11 10:34,1.0,26.375455,-81.60449,S91607878,1,2021,7,11,Aramidae,No
limpki,Limpkin,Aramus guarauna,2021-07-11 10:26,3.0,26.816629,-80.086924,S91592386,1,2021,7,11,Aramidae,No
limpki,Limpkin,Aramus guarauna,2021-07-11 10:05,1.0,27.838557,-82.208341,S91594300,1,2021,7,11,Aramidae,No
limpki,Limpkin,Aramus guarauna,2021-07-11 09:04,2.0,26.010925,-81.622139,S91586186,1,2021,7,11,Aramidae,No
limpki,Limpkin,Aramus guarauna,2021-07-11 08:48,6.0,28.0375919,-81.9539738,S91588503,1,2021,7,11,Aramidae,No
limpki,Limpkin,Aramus guarauna,2021-07-11 08:38,1.0,27.680760999999997,-80.828108,S91601585,1,2021,7,11,Aramidae,No
limpki,Limpkin,Aramus guarauna,2021-07-11 08:28,4.0,28.089284000000003,-82.701945,S91619980,1,2021,7,11,Aramidae,No
limpki,Limpkin,Aramus guarauna,2021-07-11 08:13,1.0,26.1073443,-80.2566402,S91589539,1,2021,7,11,Aramidae,No
limpki,Limpkin,Aramus guarauna,2021-07-11 07:45,1.0,27.129195199999998,-82.3337746,S91598157,1,2021,7,11,Aramidae,No
limpki,Limpkin,Aramus guarauna,2021-07-11 06:55,2.0,27.263435700000002,-80.28771040000001,S91588692,1,2021,7,11,Aramidae,No
limpki,Limpkin,Aramus guarauna,2021-07-11 06:30,1.0,28.7815,-81.3692,S91581722,1,2021,7,11,Aramidae,No
limpki,Limpkin,Aramus guarauna,2021-07-11 06:27,3.0,27.318339,-82.437342,S91608151,1,2021,7,11,Aramidae,No
limpki,Limpkin,Aramus guarauna,2021-07-11 06:26,1.0,25.6923384,-80.4361171,S91581034,1,2021,7,11,Aramidae,No
limpki,Limpkin,Aramus guarauna,2021-07-10 20:39,1.0,27.6786636,-81.2943649,S91597956,1,2021,7,10,Aramidae,No
limpki,Limpkin,Aramus guarauna,2021-07-10 18:19,1.0,27.965471,-82.52223199999999,S91563169,1,2021,7,10,Aramidae,No
limpki,Limpkin,Aramus guarauna,2021-07-10 17:00,1.0,28.4993957,-81.42413020000001,S91559122,1,2021,7,10,Aramidae,No
limpki,Limpkin,Aramus guarauna,2021-07-10 16:05,1.0,26.828833000000003,-80.104117,S91554354,1,2021,7,10,Aramidae,No
limpki,Limpkin,Aramus guarauna,2021-07-10 15:24,1.0,27.776315999999998,-80.49693,S91555963,1,2021,7,10,Aramidae,No
limpki,Limpkin,Aramus guarauna,2021-07-10 14:15,3.0,27.8526028,-81.3664616,S91580612,1,2021,7,10,Aramidae,No
limpki,Limpkin,Aramus guarauna,2021-07-10 13:52,1.0,28.255021999999997,-80.703228,S91549981,1,2021,7,10,Aramidae,No
limpki,Limpkin,Aramus guarauna,2021-07-10 10:33,1.0,26.728485,-80.068694,S91533267,1,2021,7,10,Aramidae,No
limpki,Limpkin,Aramus guarauna,2021-07-10 10:16,1.0,26.81649,-80.08743,S91531736,1,2021,7,10,Aramidae,No
limpki,Limpkin,Aramus guarauna,2021-07-10 10:12,1.0,27.685446399999996,-80.4073988,S91532015,1,2021,7,10,Aramidae,No
limpki,Limpkin,Aramus guarauna,2021-07-10 10:06,1.0,27.302061,-82.254776,S91530820,1,2021,7,10,Aramidae,No
limpki,Limpkin,Aramus guarauna,2021-07-10 09:26,1.0,27.793781,-81.15965600000001,S91528035,1,2021,7,10,Aramidae,No
limpki,Limpkin,Aramus guarauna,2021-07-10 09:00,1.0,27.6788275,-80.3980395,S91541498,1,2021,7,10,Aramidae,No
limpki,Limpkin,Aramus guarauna,2021-07-10 08:45,3.0,26.816587,-80.087559,S91529759,1,2021,7,10,Aramidae,No
limpki,Limpkin,Aramus guarauna,2021-07-10 08:07,1.0,27.908485,-81.841313,S91525675,1,2021,7,10,Aramidae,No
limpki,Limpkin,Aramus guarauna,2021-07-10 07:15,1.0,27.334,-82.4433,S91569861,1,2021,7,10,Aramidae,No
limpki,Limpkin,Aramus guarauna,2021-07-10 07:06,1.0,28.674323100000002,-81.3268733,S91529193,1,2021,7,10,Aramidae,No
limpki,Limpkin,Aramus guarauna,2021-07-10 07:00,1.0,28.089221000000002,-82.701502,S91574532,1,2021,7,10,Aramidae,No
limpki,Limpkin,Aramus guarauna,2021-07-10 06:52,2.0,29.366852,-95.622499,S91533644,1,2021,7,10,Aramidae,No
limpki,Limpkin,Aramus guarauna,2021-07-10 06:46,1.0,28.6433213,-81.3952053,S91534618,1,2021,7,10,Aramidae,No
limpki,Limpkin,Aramus guarauna,2021-07-10 06:19,1.0,26.4794212,-80.6566988,S91522061,1,2021,7,10,Aramidae,No
limpki,Limpkin,Aramus guarauna,2021-07-10 06:17,1.0,27.318315000000002,-82.437202,S91538597,1,2021,7,10,Aramidae,No
limpki,Limpkin,Aramus guarauna,2021-07-09 18:44,1.0,27.274209000000003,-80.439135,S91564624,1,2021,7,9,Aramidae,No
limpki,Limpkin,Aramus guarauna,2021-07-09 16:57,2.0,26.463025,-81.673693,S91513153,1,2021,7,9,Aramidae,No
limpki,Limpkin,Aramus guarauna,2021-07-09 11:22,1.0,27.923218900000002,-82.16976559999999,S91497762,1,2021,7,9,Aramidae,No
limpki,Limpkin,Aramus guarauna,2021-07-09 10:49,1.0,26.019833,-81.631183,S91482382,1,2021,7,9,Aramidae,No
limpki,Limpkin,Aramus guarauna,2021-07-09 09:42,1.0,28.800228000000004,-81.726244,S91680519,1,2021,7,9,Aramidae,No
limpki,Limpkin,Aramus guarauna,2021-07-09 09:25,1.0,28.421073,-81.426135,S91478422,1,2021,7,9,Aramidae,No
limpki,Limpkin,Aramus guarauna,2021-07-09 08:40,1.0,26.773047,-80.1249647,S91491075,1,2021,7,9,Aramidae,No
limpki,Limpkin,Aramus guarauna,2021-07-09 08:39,2.0,26.528140000000004,-81.876026,S91481713,1,2021,7,9,Aramidae,No
limpki,Limpkin,Aramus guarauna,2021-07-09 08:00,2.0,26.113449,-80.24087,S91518459,1,2021,7,9,Aramidae,No
limpki,Limpkin,Aramus guarauna,2021-07-09 07:40,1.0,28.218424199999998,-82.6351261,S91481757,1,2021,7,9,Aramidae,No
limpki,Limpkin,Aramus guarauna,2021-07-09 07:40,1.0,27.363230199999997,-82.4475861,S91487256,1,2021,7,9,Aramidae,No
limpki,Limpkin,Aramus guarauna,2021-07-09 06:15,1.0,26.499362400000003,-80.9473515,S91507585,1,2021,7,9,Aramidae,No
limpki,Limpkin,Aramus guarauna,2021-07-08 19:21,1.0,28.658714,-81.18745009999999,S91460406,1,2021,7,8,Aramidae,No
limpki,Limpkin,Aramus guarauna,2021-07-08 18:45,1.0,28.348130800000003,-81.4000249,S91458956,1,2021,7,8,Aramidae,No
limpki,Limpkin,Aramus guarauna,2021-07-08 11:19,1.0,26.462943,-81.673629,S91449115,1,2021,7,8,Aramidae,No
limpki,Limpkin,Aramus guarauna,2021-07-08 09:55,1.0,27.6631045,-80.6442779,S91438901,1,2021,7,8,Aramidae,No
limpki,Limpkin,Aramus guarauna,2021-07-08 09:10,1.0,28.6743702,-81.6920882,S91441926,1,2021,7,8,Aramidae,No
limpki,Limpkin,Aramus guarauna,2021-07-08 08:16,3.0,26.697796999999998,-80.1661,S91431612,1,2021,7,8,Aramidae,No
limpki,Limpkin,Aramus guarauna,2021-07-08 08:02,1.0,27.776166999999997,-80.496821,S91433667,1,2021,7,8,Aramidae,No
limpki,Limpkin,Aramus guarauna,2021-07-08 07:36,2.0,26.138269,-80.334412,S91461268,1,2021,7,8,Aramidae,No
limpki,Limpkin,Aramus guarauna,2021-07-08 06:52,1.0,28.2610772,-81.2955704,S91434634,1,2021,7,8,Aramidae,No
limpki,Limpkin,Aramus guarauna,2021-07-08 06:16,2.0,27.154541100000003,-81.19777049999999,S91858611,1,2021,7,8,Aramidae,No
limpki,Limpkin,Aramus guarauna,2021-07-07 17:30,1.0,28.748396600000003,-81.7733002,S91416066,1,2021,7,7,Aramidae,No
limpki,Limpkin,Aramus guarauna,2021-07-07 16:55,1.0,29.4274,-82.2076,S91534730,1,2021,7,7,Aramidae,No
limpki,Limpkin,Aramus guarauna,2021-07-07 11:54,1.0,26.462952,-81.673633,S91419558,1,2021,7,7,Aramidae,No
limpki,Limpkin,Aramus guarauna,2021-07-07 10:36,2.0,28.81237,-81.26006,S91393195,1,2021,7,7,Aramidae,No
limpki,Limpkin,Aramus guarauna,2021-07-07 09:56,1.0,27.419200099999998,-82.4490747,S91389847,1,2021,7,7,Aramidae,No
limpki,Limpkin,Aramus guarauna,2021-07-07 07:35,7.0,32.9573531,-80.0188213,S91388934,1,2021,7,7,Aramidae,No
limpki,Limpkin,Aramus guarauna,2021-07-07 07:27,3.0,26.9828005,-81.09446559999999,S91444474,1,2021,7,7,Aramidae,No
limpki,Limpkin,Aramus guarauna,2021-07-06 16:30,3.0,28.8468163,-81.95191379999999,S91364637,1,2021,7,6,Aramidae,No
limpki,Limpkin,Aramus guarauna,2021-07-06 16:30,2.0,27.300707199999998,-80.2798801,S91387708,1,2021,7,6,Aramidae,No
limpki,Limpkin,Aramus guarauna,2021-07-06 12:25,4.0,26.761927000000004,-80.923144,S91352727,1,2021,7,6,Aramidae,No
limpki,Limpkin,Aramus guarauna,2021-07-06 11:06,1.0,28.428897499999998,-81.3048541,S91351179,1,2021,7,6,Aramidae,No
limpki,Limpkin,Aramus guarauna,2021-07-06 08:53,1.0,28.807752899999997,-81.13169429999999,S91343985,1,2021,7,6,Aramidae,No
limpki,Limpkin,Aramus guarauna,2021-07-06 08:19,1.0,28.021030100000004,-82.38775940000001,S91341947,1,2021,7,6,Aramidae,No
limpki,Limpkin,Aramus guarauna,2021-07-06 07:30,1.0,26.504441399999997,-81.9173873,S91354798,1,2021,7,6,Aramidae,No
limpki,Limpkin,Aramus guarauna,2021-07-05 19:45,1.0,28.5208734,-81.23043840000001,S91326773,1,2021,7,5,Aramidae,No
limpki,Limpkin,Aramus guarauna,2021-07-05 15:57,1.0,27.519506,-82.547258,S91313966,1,2021,7,5,Aramidae,No
limpki,Limpkin,Aramus guarauna,2021-07-05 13:33,1.0,28.1966675,-81.2950904,S91312191,1,2021,7,5,Aramidae,No
limpki,Limpkin,Aramus guarauna,2021-07-05 12:01,1.0,29.6099701,-82.3082158,S91302056,1,2021,7,5,Aramidae,No
limpki,Limpkin,Aramus guarauna,2021-07-05 10:44,2.0,26.808048100000004,-80.169875,S91291990,1,2021,7,5,Aramidae,No
limpki,Limpkin,Aramus guarauna,2021-07-05 10:07,1.0,28.983029499999997,-81.2279804,S91342182,1,2021,7,5,Aramidae,No
limpki,Limpkin,Aramus guarauna,2021-07-05 09:43,1.0,29.000040999999996,-81.965048,S91297352,1,2021,7,5,Aramidae,No
limpki,Limpkin,Aramus guarauna,2021-07-05 09:30,4.0,27.1955353,-80.83120109999999,S91284993,1,2021,7,5,Aramidae,No
limpki,Limpkin,Aramus guarauna,2021-07-05 08:46,1.0,30.471896100000002,-84.2599208,S91281240,1,2021,7,5,Aramidae,No
limpki,Limpkin,Aramus guarauna,2021-07-05 08:30,2.0,28.003798699999997,-81.6824913,S91446322,1,2021,7,5,Aramidae,No
limpki,Limpkin,Aramus guarauna,2021-07-05 07:28,1.0,28.066399,-82.355827,S91649375,1,2021,7,5,Aramidae,No
limpki,Limpkin,Aramus guarauna,2021-07-04 20:39,3.0,28.258981,-81.28184300000001,S91267700,1,2021,7,4,Aramidae,No
limpki,Limpkin,Aramus guarauna,2021-07-04 19:40,4.0,28.4657352,-81.5138623,S91331239,1,2021,7,4,Aramidae,No
limpki,Limpkin,Aramus guarauna,2021-07-04 17:44,2.0,28.842204,-82.020597,S91257543,1,2021,7,4,Aramidae,No
limpki,Limpkin,Aramus guarauna,2021-07-04 17:30,1.0,28.968949900000002,-81.3544464,S91388430,1,2021,7,4,Aramidae,No
limpki,Limpkin,Aramus guarauna,2021-07-04 17:27,1.0,25.760766,-80.481689,S91254687,1,2021,7,4,Aramidae,No
limpki,Limpkin,Aramus guarauna,2021-07-04 16:57,1.0,25.693986499999998,-80.3280576,S91270900,1,2021,7,4,Aramidae,No
limpki,Limpkin,Aramus guarauna,2021-07-04 15:59,1.0,27.776183000000003,-80.49682,S91249361,1,2021,7,4,Aramidae,No
limpki,Limpkin,Aramus guarauna,2021-07-04 15:46,1.0,26.9111,-82.267698,S91248459,1,2021,7,4,Aramidae,No
limpki,Limpkin,Aramus guarauna,2021-07-04 14:20,1.0,27.870511800000003,-82.6551676,S91250670,1,2021,7,4,Aramidae,No
limpki,Limpkin,Aramus guarauna,2021-07-04 13:43,9.0,27.1203755,-80.67172099999999,S91308427,1,2021,7,4,Aramidae,No
limpki,Limpkin,Aramus guarauna,2021-07-04 13:33,1.0,28.318267699999996,-81.457397,S91247176,1,2021,7,4,Aramidae,No
limpki,Limpkin,Aramus guarauna,2021-07-04 12:19,7.0,28.228315000000002,-80.759915,S91269598,1,2021,7,4,Aramidae,No
limpki,Limpkin,Aramus guarauna,2021-07-04 10:45,1.0,28.8320005,-81.6689086,S91228851,1,2021,7,4,Aramidae,No
limpki,Limpkin,Aramus guarauna,2021-07-04 10:23,4.0,28.230063,-80.767107,S91228303,1,2021,7,4,Aramidae,No
limpki,Limpkin,Aramus guarauna,2021-07-04 08:30,2.0,26.479444800000003,-80.6568276,S92014339,1,2021,7,4,Aramidae,No
limpki,Limpkin,Aramus guarauna,2021-07-04 07:53,1.0,27.713033199999998,-82.6875043,S91318401,1,2021,7,4,Aramidae,No
limpki,Limpkin,Aramus guarauna,2021-07-04 07:00,1.0,27.9094658,-82.787323,S91244804,1,2021,7,4,Aramidae,No
limpki,Limpkin,Aramus guarauna,2021-07-04 06:26,1.0,26.306741,-80.91954100000001,S91229659,1,2021,7,4,Aramidae,No
limpki,Limpkin,Aramus guarauna,2021-07-03 19:49,5.0,28.093344000000002,-82.707504,S91203336,1,2021,7,3,Aramidae,No
limpki,Limpkin,Aramus guarauna,2021-07-03 19:40,1.0,28.346622999999997,-81.60552750000001,S91200847,1,2021,7,3,Aramidae,No
limpki,Limpkin,Aramus guarauna,2021-07-03 19:15,1.0,27.9281914,-82.30776999999999,S91245679,1,2021,7,3,Aramidae,No
limpki,Limpkin,Aramus guarauna,2021-07-03 17:25,1.0,30.0793033,-81.61340799999999,S91193311,1,2021,7,3,Aramidae,No
limpki,Limpkin,Aramus guarauna,2021-07-03 16:41,2.0,28.259187,-81.280941,S91194189,1,2021,7,3,Aramidae,No
limpki,Limpkin,Aramus guarauna,2021-07-03 14:46,1.0,26.9332425,-82.03884959999999,S91195231,1,2021,7,3,Aramidae,No
limpki,Limpkin,Aramus guarauna,2021-07-03 12:46,1.0,27.789489,-81.15038,S91176852,1,2021,7,3,Aramidae,No
limpki,Limpkin,Aramus guarauna,2021-07-03 10:21,2.0,28.796363,-81.735602,S91167409,1,2021,7,3,Aramidae,No
limpki,Limpkin,Aramus guarauna,2021-07-03 10:00,1.0,26.97614,-82.09061,S91878109,1,2021,7,3,Aramidae,No
limpki,Limpkin,Aramus guarauna,2021-07-03 09:30,1.0,26.1872961,-81.7629328,S91179102,1,2021,7,3,Aramidae,No
limpki,Limpkin,Aramus guarauna,2021-07-03 09:15,2.0,27.998190700000002,-81.67116170000001,S91444945,1,2021,7,3,Aramidae,No
limpki,Limpkin,Aramus guarauna,2021-07-03 08:41,2.0,26.508084999999998,-81.965296,S91169970,1,2021,7,3,Aramidae,No
limpki,Limpkin,Aramus guarauna,2021-07-03 08:18,1.0,26.667143699999997,-80.1680195,S91163493,1,2021,7,3,Aramidae,No
limpki,Limpkin,Aramus guarauna,2021-07-03 07:40,1.0,26.3893478,-81.8113671,S91162578,1,2021,7,3,Aramidae,No
limpki,Limpkin,Aramus guarauna,2021-07-02 18:10,1.0,26.346010999999997,-80.2434878,S91138721,1,2021,7,2,Aramidae,No
limpki,Limpkin,Aramus guarauna,2021-07-02 18:08,1.0,26.0388949,-81.7000239,S91137587,1,2021,7,2,Aramidae,No
limpki,Limpkin,Aramus guarauna,2021-07-02 15:57,2.0,29.1425662,-81.3729858,S91132573,1,2021,7,2,Aramidae,No
limpki,Limpkin,Aramus guarauna,2021-07-02 14:14,2.0,27.325696,-82.43332099999999,S91130837,1,2021,7,2,Aramidae,No
limpki,Limpkin,Aramus guarauna,2021-07-02 14:01,3.0,28.551959000000004,-81.604105,S91125691,1,2021,7,2,Aramidae,No
limpki,Limpkin,Aramus guarauna,2021-07-02 12:16,1.0,26.581651,-80.1998558,S91120070,1,2021,7,2,Aramidae,No
limpki,Limpkin,Aramus guarauna,2021-08-01 08:10,1.0,29.857,-95.164,S92603578,2,2021,8,1,Aramidae,Yes
limpki,Limpkin,Aramus guarauna,2021-08-01 08:10,1.0,29.857,-95.164,S92602060,2,2021,8,1,Aramidae,Yes
limpki,Limpkin,Aramus guarauna,2021-08-01 07:55,1.0,29.8821415,-95.1872635,S92603504,2,2021,8,1,Aramidae,Yes
limpki,Limpkin,Aramus guarauna,2021-08-01 07:55,1.0,29.8821415,-95.1872635,S92602609,2,2021,8,1,Aramidae,Yes
limpki,Limpkin,Aramus guarauna,2021-07-31 19:31,2.0,29.8821415,-95.1872635,S92595217,2,2021,7,31,Aramidae,Yes
limpki,Limpkin,Aramus guarauna,2021-07-31 17:35,2.0,29.366846999999996,-95.622597,S92576414,2,2021,7,31,Aramidae,Yes
limpki,Limpkin,Aramus guarauna,2021-07-31 12:07,1.0,29.366498999999997,-95.622447,S92557388,2,2021,7,31,Aramidae,Yes
limpki,Limpkin,Aramus guarauna,2021-07-31 12:07,1.0,29.366498999999997,-95.622447,S92557389,2,2021,7,31,Aramidae,Yes
limpki,Limpkin,Aramus guarauna,2021-07-31 11:07,1.0,29.3735739,-95.6230259,S92577137,2,2021,7,31,Aramidae,Yes
limpki,Limpkin,Aramus guarauna,2021-07-31 08:39,1.0,29.861284499999996,-95.166951,S92544015,2,2021,7,31,Aramidae,Yes
limpki,Limpkin,Aramus guarauna,2021-07-31 08:15,1.0,29.8821415,-95.1872635,S92542829,2,2021,7,31,Aramidae,Yes
limpki,Limpkin,Aramus guarauna,2021-07-31 06:32,2.0,29.8821415,-95.1872635,S92542722,2,2021,7,31,Aramidae,Yes
limpki,Limpkin,Aramus guarauna,2021-07-31 06:23,2.0,29.8821415,-95.1872635,S92538887,2,2021,7,31,Aramidae,Yes
limpki,Limpkin,Aramus guarauna,2021-07-31 06:20,2.0,29.8821415,-95.1872635,S92538990,2,2021,7,31,Aramidae,Yes
limpki,Limpkin,Aramus guarauna,2021-07-30 06:41,2.0,29.857,-95.164,S92498948,2,2021,7,30,Aramidae,Yes
limpki,Limpkin,Aramus guarauna,2021-07-30 06:28,2.0,29.8821415,-95.1872635,S92495703,2,2021,7,30,Aramidae,Yes
limpki,Limpkin,Aramus guarauna,2021-07-29 19:33,2.0,29.8821415,-95.1872635,S92487735,2,2021,7,29,Aramidae,Yes
limpki,Limpkin,Aramus guarauna,2021-07-29 19:29,1.0,29.857,-95.164,S92486995,2,2021,7,29,Aramidae,Yes
limpki,Limpkin,Aramus guarauna,2021-07-29 19:20,1.0,29.8821415,-95.1872635,S92485066,2,2021,7,29,Aramidae,Yes
limpki,Limpkin,Aramus guarauna,2021-07-29 18:52,3.0,29.881803,-95.185903,S92499401,2,2021,7,29,Aramidae,Yes
limpki,Limpkin,Aramus guarauna,2021-07-29 18:52,3.0,29.881803,-95.185903,S92486522,2,2021,7,29,Aramidae,Yes
limpki,Limpkin,Aramus guarauna,2021-07-29 14:53,1.0,29.367014,-95.622489,S92482065,2,2021,7,29,Aramidae,Yes
limpki,Limpkin,Aramus guarauna,2021-07-26 17:39,2.0,29.36695,-95.622499,S92506909,2,2021,7,26,Aramidae,Yes
limpki,Limpkin,Aramus guarauna,2021-07-25 19:07,2.0,29.3735739,-95.6230259,S92304223,2,2021,7,25,Aramidae,Yes
limpki,Limpkin,Aramus guarauna,2021-07-25 09:30,1.0,29.3735739,-95.6230259,S92290914,2,2021,7,25,Aramidae,Yes
limpki,Limpkin,Aramus guarauna,2021-07-24 19:02,3.0,29.8821415,-95.1872635,S92483585,2,2021,7,24,Aramidae,Yes
limpki,Limpkin,Aramus guarauna,2021-07-24 18:21,2.0,29.366906,-95.62235600000001,S92253267,2,2021,7,24,Aramidae,Yes
limpki,Limpkin,Aramus guarauna,2021-07-24 12:22,1.0,29.8821415,-95.1872635,S92230463,2,2021,7,24,Aramidae,Yes
limpki,Limpkin,Aramus guarauna,2021-07-24 10:49,1.0,29.857,-95.164,S92228184,2,2021,7,24,Aramidae,Yes
limpki,Limpkin,Aramus guarauna,2021-07-23 16:22,1.0,29.366870000000002,-95.622436,S92192728,2,2021,7,23,Aramidae,Yes
limpki,Limpkin,Aramus guarauna,2021-07-23 10:45,2.0,29.366743800000002,-95.6224279,S92178581,2,2021,7,23,Aramidae,Yes
limpki,Limpkin,Aramus guarauna,2021-07-22 18:52,3.0,29.366384399999998,-95.6069235,S92154854,2,2021,7,22,Aramidae,Yes
limpki,Limpkin,Aramus guarauna,2021-07-22 07:30,1.0,29.3669174,-95.62253,S92135720,2,2021,7,22,Aramidae,Yes
limpki,Limpkin,Aramus guarauna,2021-07-22 06:00,2.0,29.8821415,-95.1872635,S92129074,2,2021,7,22,Aramidae,Yes
limpki,Limpkin,Aramus guarauna,2021-07-21 19:09,1.0,29.8821415,-95.1872635,S92113522,2,2021,7,21,Aramidae,Yes
limpki,Limpkin,Aramus guarauna,2021-07-21 18:30,2.0,29.366509100000002,-95.6225817,S92109415,2,2021,7,21,Aramidae,Yes
limpki,Limpkin,Aramus guarauna,2021-07-21 15:34,3.0,29.857,-95.164,S92109307,2,2021,7,21,Aramidae,Yes
limpki,Limpkin,Aramus guarauna,2021-07-21 06:30,1.0,29.857,-95.164,S92082289,2,2021,7,21,Aramidae,Yes
limpki,Limpkin,Aramus guarauna,2021-07-21 06:29,1.0,29.8821415,-95.1872635,S92087130,2,2021,7,21,Aramidae,Yes
limpki,Limpkin,Aramus guarauna,2021-07-21 06:19,2.0,29.8821415,-95.1872635,S92080185,2,2021,7,21,Aramidae,Yes
limpki,Limpkin,Aramus guarauna,2021-07-21 06:19,2.0,29.8821415,-95.1872635,S92080186,2,2021,7,21,Aramidae,Yes
limpki,Limpkin,Aramus guarauna,2021-07-21 06:19,2.0,29.8821415,-95.1872635,S92093116,2,2021,7,21,Aramidae,Yes
limpki,Limpkin,Aramus guarauna,2021-07-20 18:49,2.0,29.881688,-95.185682,S92067103,2,2021,7,20,Aramidae,Yes
limpki,Limpkin,Aramus guarauna,2021-07-20 17:14,2.0,29.8821415,-95.1872635,S92065805,2,2021,7,20,Aramidae,Yes
limpki,Limpkin,Aramus guarauna,2021-07-20 07:14,2.0,29.857,-95.164,S92038560,2,2021,7,20,Aramidae,Yes
limpki,Limpkin,Aramus guarauna,2021-07-20 06:45,1.0,29.857,-95.164,S92043855,2,2021,7,20,Aramidae,Yes
limpki,Limpkin,Aramus guarauna,2021-07-20 06:37,2.0,29.857,-95.164,S92038672,2,2021,7,20,Aramidae,Yes
limpki,Limpkin,Aramus guarauna,2021-07-20 06:30,4.0,29.857,-95.164,S92044878,2,2021,7,20,Aramidae,Yes
limpki,Limpkin,Aramus guarauna,2021-07-19 18:41,1.0,29.8821415,-95.1872635,S92025758,2,2021,7,19,Aramidae,Yes
limpki,Limpkin,Aramus guarauna,2021-07-19 18:41,1.0,29.8821415,-95.1872635,S92033913,2,2021,7,19,Aramidae,Yes
limpki,Limpkin,Aramus guarauna,2021-07-19 16:13,1.0,29.366663300000003,-95.6225819,S92009576,2,2021,7,19,Aramidae,Yes
limpki,Limpkin,Aramus guarauna,2021-07-19 11:21,2.0,29.36668,-95.622578,S91992609,2,2021,7,19,Aramidae,Yes
limpki,Limpkin,Aramus guarauna,2021-07-19 08:25,1.0,29.857,-95.164,S91991818,2,2021,7,19,Aramidae,Yes
limpki,Limpkin,Aramus guarauna,2021-07-19 08:00,1.0,29.3735739,-95.6230259,S92022145,2,2021,7,19,Aramidae,Yes
limpki,Limpkin,Aramus guarauna,2021-07-19 07:37,3.0,29.857,-95.164,S91985372,2,2021,7,19,Aramidae,Yes
limpki,Limpkin,Aramus guarauna,2021-07-19 06:45,2.0,29.857,-95.164,S91988333,2,2021,7,19,Aramidae,Yes
limpki,Limpkin,Aramus guarauna,2021-07-19 06:15,1.0,29.857,-95.164,S92002076,2,2021,7,19,Aramidae,Yes
limpki,Limpkin,Aramus guarauna,2021-07-19 06:13,2.0,29.8821415,-95.1872635,S91983189,2,2021,7,19,Aramidae,Yes
limpki,Limpkin,Aramus guarauna,2021-07-19 06:11,2.0,29.857,-95.164,S91986544,2,2021,7,19,Aramidae,Yes
limpki,Limpkin,Aramus guarauna,2021-07-18 19:06,2.0,29.881881,-95.185704,S92237591,2,2021,7,18,Aramidae,Yes
limpki,Limpkin,Aramus guarauna,2021-07-18 19:00,2.0,29.8821415,-95.1872635,S91970486,2,2021,7,18,Aramidae,Yes
limpki,Limpkin,Aramus guarauna,2021-07-18 18:56,2.0,29.8821415,-95.1872635,S91968399,2,2021,7,18,Aramidae,Yes
limpki,Limpkin,Aramus guarauna,2021-07-18 18:56,2.0,29.8821415,-95.1872635,S91968371,2,2021,7,18,Aramidae,Yes
limpki,Limpkin,Aramus guarauna,2021-07-18 18:00,1.0,29.3665847,-95.6225505,S92023810,2,2021,7,18,Aramidae,Yes
limpki,Limpkin,Aramus guarauna,2021-07-18 17:00,3.0,29.857,-95.164,S91972215,2,2021,7,18,Aramidae,Yes
limpki,Limpkin,Aramus guarauna,2021-07-18 17:00,3.0,29.857,-95.164,S91971504,2,2021,7,18,Aramidae,Yes
limpki,Limpkin,Aramus guarauna,2021-07-18 06:13,2.0,29.8821415,-95.1872635,S91925286,2,2021,7,18,Aramidae,Yes
limpki,Limpkin,Aramus guarauna,2021-07-17 18:49,1.0,29.366429999999998,-95.622702,S91906834,2,2021,7,17,Aramidae,Yes
limpki,Limpkin,Aramus guarauna,2021-07-17 12:10,2.0,29.366923,-95.622504,S91892339,2,2021,7,17,Aramidae,Yes
limpki,Limpkin,Aramus guarauna,2021-07-17 09:41,1.0,29.366792999999998,-95.622496,S91877321,2,2021,7,17,Aramidae,Yes
limpki,Limpkin,Aramus guarauna,2021-07-17 09:41,1.0,29.366792999999998,-95.622496,S91889974,2,2021,7,17,Aramidae,Yes
limpki,Limpkin,Aramus guarauna,2021-07-17 08:37,1.0,29.3735739,-95.6230259,S91889977,2,2021,7,17,Aramidae,Yes
limpki,Limpkin,Aramus guarauna,2021-07-17 08:37,1.0,29.3735739,-95.6230259,S91875586,2,2021,7,17,Aramidae,Yes
limpki,Limpkin,Aramus guarauna,2021-07-17 07:14,3.0,29.366487,-95.622417,S91871005,2,2021,7,17,Aramidae,Yes
limpki,Limpkin,Aramus guarauna,2021-07-17 07:14,3.0,29.366487,-95.622417,S91870221,2,2021,7,17,Aramidae,Yes
limpki,Limpkin,Aramus guarauna,2021-07-16 09:58,2.0,29.3735739,-95.6230259,S91833241,2,2021,7,16,Aramidae,Yes
limpki,Limpkin,Aramus guarauna,2021-07-16 07:42,3.0,29.366384399999998,-95.6069235,S91877931,2,2021,7,16,Aramidae,Yes
limpki,Limpkin,Aramus guarauna,2021-07-16 07:42,3.0,29.366384399999998,-95.6069235,S91986445,2,2021,7,16,Aramidae,Yes
limpki,Limpkin,Aramus guarauna,2021-07-16 07:42,3.0,29.366384399999998,-95.6069235,S91851224,2,2021,7,16,Aramidae,Yes
limpki,Limpkin,Aramus guarauna,2021-07-16 07:42,3.0,29.366384399999998,-95.6069235,S91888039,2,2021,7,16,Aramidae,Yes
limpki,Limpkin,Aramus guarauna,2021-07-16 07:42,3.0,29.366384399999998,-95.6069235,S91890602,2,2021,7,16,Aramidae,Yes
limpki,Limpkin,Aramus guarauna,2021-07-16 07:42,3.0,29.366384399999998,-95.6069235,S92039684,2,2021,7,16,Aramidae,Yes
limpki,Limpkin,Aramus guarauna,2021-07-16 07:42,3.0,29.366384399999998,-95.6069235,S91987969,2,2021,7,16,Aramidae,Yes
limpki,Limpkin,Aramus guarauna,2021-07-16 07:42,3.0,29.366384399999998,-95.6069235,S92402080,2,2021,7,16,Aramidae,Yes
limpki,Limpkin,Aramus guarauna,2021-07-16 07:42,3.0,29.366384399999998,-95.6069235,S91857496,2,2021,7,16,Aramidae,Yes
limpki,Limpkin,Aramus guarauna,2021-07-16 07:42,3.0,29.366384399999998,-95.6069235,S91953387,2,2021,7,16,Aramidae,Yes
limpki,Limpkin,Aramus guarauna,2021-07-15 17:10,1.0,29.366791999999997,-95.622551,S91811759,2,2021,7,15,Aramidae,Yes
limpki,Limpkin,Aramus guarauna,2021-07-15 17:10,1.0,29.366791999999997,-95.622551,S91810568,2,2021,7,15,Aramidae,Yes
limpki,Limpkin,Aramus guarauna,2021-07-15 17:10,1.0,29.366791999999997,-95.622551,S91816272,2,2021,7,15,Aramidae,Yes
limpki,Limpkin,Aramus guarauna,2021-07-15 07:38,2.0,29.366811199999997,-95.6225129,S91779815,2,2021,7,15,Aramidae,Yes
limpki,Limpkin,Aramus guarauna,2021-07-14 18:18,2.0,29.366906,-95.62235600000001,S91766024,2,2021,7,14,Aramidae,Yes
limpki,Limpkin,Aramus guarauna,2021-07-14 17:58,1.0,29.366326,-95.622485,S91794288,2,2021,7,14,Aramidae,Yes
limpki,Limpkin,Aramus guarauna,2021-07-14 13:30,1.0,29.366965999999998,-95.622461,S91778412,2,2021,7,14,Aramidae,Yes
limpki,Limpkin,Aramus guarauna,2021-07-14 08:00,1.0,29.3735739,-95.6230259,S91760678,2,2021,7,14,Aramidae,Yes
limpki,Limpkin,Aramus guarauna,2021-07-14 07:45,2.0,29.3735739,-95.6230259,S91745415,2,2021,7,14,Aramidae,Yes
limpki,Limpkin,Aramus guarauna,2021-07-13 15:30,2.0,29.366384399999998,-95.6069235,S91810324,2,2021,7,13,Aramidae,Yes
limpki,Limpkin,Aramus guarauna,2021-07-13 09:09,1.0,29.366928,-95.622486,S91693727,2,2021,7,13,Aramidae,Yes
limpki,Limpkin,Aramus guarauna,2021-07-12 18:36,2.0,29.366835100000003,-95.6226054,S91676045,2,2021,7,12,Aramidae,Yes
limpki,Limpkin,Aramus guarauna,2021-07-12 18:36,2.0,29.366835100000003,-95.6226054,S91681178,2,2021,7,12,Aramidae,Yes
limpki,Limpkin,Aramus guarauna,2021-07-12 07:32,1.0,29.366813,-95.622405,S91642500,2,2021,7,12,Aramidae,Yes
limpki,Limpkin,Aramus guarauna,2021-07-11 19:40,1.0,29.3667065,-95.62257679999999,S91633827,2,2021,7,11,Aramidae,Yes
limpki,Limpkin,Aramus guarauna,2021-07-11 19:25,1.0,29.366640999999998,-95.62259300000001,S91628376,2,2021,7,11,Aramidae,Yes
limpki,Limpkin,Aramus guarauna,2021-07-11 19:25,1.0,29.3664712,-95.62255970000001,S91628838,2,2021,7,11,Aramidae,Yes
limpki,Limpkin,Aramus guarauna,2021-07-11 19:02,1.0,29.366417699999996,-95.6225744,S91633278,2,2021,7,11,Aramidae,Yes
limpki,Limpkin,Aramus guarauna,2021-07-11 19:02,1.0,29.366417699999996,-95.6225744,S91633277,2,2021,7,11,Aramidae,Yes
limpki,Limpkin,Aramus guarauna,2021-07-11 17:24,1.0,29.3735739,-95.6230259,S91620662,2,2021,7,11,Aramidae,Yes
limpki,Limpkin,Aramus guarauna,2021-07-11 17:20,1.0,29.366615000000003,-95.6223,S91620360,2,2021,7,11,Aramidae,Yes
limpki,Limpkin,Aramus guarauna,2021-07-11 13:20,1.0,29.358445,-95.622449,S91613576,2,2021,7,11,Aramidae,Yes
limpki,Limpkin,Aramus guarauna,2021-07-11 13:11,1.0,29.366847999999997,-95.622498,S91611921,2,2021,7,11,Aramidae,Yes
limpki,Limpkin,Aramus guarauna,2021-07-11 09:00,1.0,29.367006,-95.622417,S91594516,2,2021,7,11,Aramidae,Yes
limpki,Limpkin,Aramus guarauna,2021-07-10 14:44,1.0,29.366384399999998,-95.6069235,S91556340,2,2021,7,10,Aramidae,Yes
limpki,Limpkin,Aramus guarauna,2021-07-10 14:44,1.0,29.366384399999998,-95.6069235,S91628156,2,2021,7,10,Aramidae,Yes
limpki,Limpkin,Aramus guarauna,2021-07-10 11:34,2.0,29.366773,-95.62256,S91570075,2,2021,7,10,Aramidae,Yes
limpki,Limpkin,Aramus guarauna,2021-07-10 11:34,2.0,29.366773,-95.62256,S91570330,2,2021,7,10,Aramidae,Yes
limpki,Limpkin,Aramus guarauna,2021-07-10 08:32,4.0,29.366384399999998,-95.6069235,S91531516,2,2021,7,10,Aramidae,Yes
limpki,Limpkin,Aramus guarauna,2021-07-10 07:52,1.0,29.3735739,-95.6230259,S91538535,2,2021,7,10,Aramidae,Yes
limpki,Limpkin,Aramus guarauna,2021-07-10 07:45,4.0,29.3666615,-95.6221821,S91563580,2,2021,7,10,Aramidae,Yes
limpki,Limpkin,Aramus guarauna,2021-07-10 07:35,4.0,29.366753600000003,-95.6225626,S91535369,2,2021,7,10,Aramidae,Yes
limpki,Limpkin,Aramus guarauna,2021-07-10 07:35,4.0,29.366484999999997,-95.6226578,S91529117,2,2021,7,10,Aramidae,Yes
limpki,Limpkin,Aramus guarauna,2021-07-10 07:34,4.0,29.355399,-95.62254200000001,S91563894,2,2021,7,10,Aramidae,Yes
limpki,Limpkin,Aramus guarauna,2021-07-10 07:34,4.0,29.355399,-95.62254200000001,S91529078,2,2021,7,10,Aramidae,Yes
limpki,Limpkin,Aramus guarauna,2021-07-10 07:34,4.0,29.355399,-95.62254200000001,S91529077,2,2021,7,10,Aramidae,Yes
limpki,Limpkin,Aramus guarauna,2021-07-10 07:34,4.0,29.355399,-95.62254200000001,S91535182,2,2021,7,10,Aramidae,Yes
limpki,Limpkin,Aramus guarauna,2021-07-09 17:40,2.0,29.3669011,-95.62255,S91513431,2,2021,7,9,Aramidae,Yes
limpki,Limpkin,Aramus guarauna,2021-07-09 17:00,1.0,29.6148414,-94.5344353,S91505674,2,2021,7,9,Aramidae,Yes
limpki,Limpkin,Aramus guarauna,2021-07-08 14:06,3.0,29.366571999999998,-95.622599,S91448829,2,2021,7,8,Aramidae,Yes
limpki,Limpkin,Aramus guarauna,2021-07-08 13:33,2.0,29.366835100000003,-95.6226054,S91448211,2,2021,7,8,Aramidae,Yes
limpki,Limpkin,Aramus guarauna,2021-07-08 07:30,2.0,29.366889699999998,-95.6225458,S91444410,2,2021,7,8,Aramidae,Yes
limpki,Limpkin,Aramus guarauna,2021-07-08,1.0,29.3716228,-95.62245190000002,S91468538,2,2021,7,8,Aramidae,Yes
limpki,Limpkin,Aramus guarauna,2021-07-07 16:46,3.0,29.3669011,-95.62255,S91418815,2,2021,7,7,Aramidae,Yes
limpki,Limpkin,Aramus guarauna,2021-07-07 07:38,2.0,29.366887,-95.622525,S91390233,2,2021,7,7,Aramidae,Yes
limpki,Limpkin,Aramus guarauna,2021-07-05 11:40,1.0,29.366846000000002,-95.622439,S91331312,2,2021,7,5,Aramidae,Yes
limpki,Limpkin,Aramus guarauna,2021-07-05 07:05,2.0,29.366929,-95.62244799999999,S91297930,2,2021,7,5,Aramidae,Yes
limpki,Limpkin,Aramus guarauna,2021-07-05 06:38,4.0,29.366564399999998,-95.62263759999999,S91281256,2,2021,7,5,Aramidae,Yes
limpki,Limpkin,Aramus guarauna,2021-07-05 06:38,4.0,29.366564399999998,-95.62263759999999,S91282314,2,2021,7,5,Aramidae,Yes
limpki,Limpkin,Aramus guarauna,2021-07-05 06:16,4.0,29.3669011,-95.62255,S91287585,2,2021,7,5,Aramidae,Yes
limpki,Limpkin,Aramus guarauna,2021-07-04 13:01,2.0,29.366927,-95.622512,S91254898,2,2021,7,4,Aramidae,Yes
limpki,Limpkin,Aramus guarauna,2021-07-04 13:01,2.0,29.366927,-95.622512,S91254899,2,2021,7,4,Aramidae,Yes
limpki,Limpkin,Aramus guarauna,2021-07-04 12:07,2.0,29.366716999999998,-95.622557,S91243899,2,2021,7,4,Aramidae,Yes
limpki,Limpkin,Aramus guarauna,2021-07-04 06:57,2.0,29.3669,-95.62261099999999,S91219136,2,2021,7,4,Aramidae,Yes
limpki,Limpkin,Aramus guarauna,2021-07-03 16:45,3.0,29.366621999999996,-95.622511,S91196072,2,2021,7,3,Aramidae,Yes
limpki,Limpkin,Aramus guarauna,2021-07-03 06:17,2.0,29.3669011,-95.62255,S91177299,2,2021,7,3,Aramidae,Yes
limpki,Limpkin,Aramus guarauna,2021-07-02 11:20,2.0,29.366585999999998,-95.622576,S91120726,2,2021,7,2,Aramidae,Yes
